mysqldump: [Warning] Using a password on the command line interface can be insecure.
-- MySQL dump 10.13  Distrib 9.1.0, for Win64 (x86_64)
--
-- Host: localhost    Database: sistema_ventas
-- ------------------------------------------------------
-- Server version	9.1.0

/*!40101 SET @OLD_CHARACTER_SET_CLIENT=@@CHARACTER_SET_CLIENT */;
/*!40101 SET @OLD_CHARACTER_SET_RESULTS=@@CHARACTER_SET_RESULTS */;
/*!40101 SET @OLD_COLLATION_CONNECTION=@@COLLATION_CONNECTION */;
/*!50503 SET NAMES utf8mb4 */;
/*!40103 SET @OLD_TIME_ZONE=@@TIME_ZONE */;
/*!40103 SET TIME_ZONE='+00:00' */;
/*!40014 SET @OLD_UNIQUE_CHECKS=@@UNIQUE_CHECKS, UNIQUE_CHECKS=0 */;
/*!40014 SET @OLD_FOREIGN_KEY_CHECKS=@@FOREIGN_KEY_CHECKS, FOREIGN_KEY_CHECKS=0 */;
/*!40101 SET @OLD_SQL_MODE=@@SQL_MODE, SQL_MODE='NO_AUTO_VALUE_ON_ZERO' */;
/*!40111 SET @OLD_SQL_NOTES=@@SQL_NOTES, SQL_NOTES=0 */;

--
-- Table structure for table `categorias`
--

DROP TABLE IF EXISTS `categorias`;
/*!40101 SET @saved_cs_client     = @@character_set_client */;
/*!50503 SET character_set_client = utf8mb4 */;
CREATE TABLE `categorias` (
  `id` int NOT NULL AUTO_INCREMENT,
  `nombre` varchar(50) CHARACTER SET utf8mb4 COLLATE utf8mb4_spanish_ci NOT NULL,
  PRIMARY KEY (`id`),
  UNIQUE KEY `nombre` (`nombre`)
) ENGINE=InnoDB AUTO_INCREMENT=5 DEFAULT CHARSET=utf8mb4 COLLATE=utf8mb4_spanish_ci;
/*!40101 SET character_set_client = @saved_cs_client */;

--
-- Dumping data for table `categorias`
--

LOCK TABLES `categorias` WRITE;
/*!40000 ALTER TABLE `categorias` DISABLE KEYS */;
INSERT INTO `categorias` VALUES (4,'aportacion'),(3,'impresion'),(1,'producto'),(2,'servicio');
/*!40000 ALTER TABLE `categorias` ENABLE KEYS */;
UNLOCK TABLES;

--
-- Table structure for table `detalles_venta`
--

DROP TABLE IF EXISTS `detalles_venta`;
/*!40101 SET @saved_cs_client     = @@character_set_client */;
/*!50503 SET character_set_client = utf8mb4 */;
CREATE TABLE `detalles_venta` (
  `id` int NOT NULL AUTO_INCREMENT,
  `venta_id` int NOT NULL,
  `producto_id` int NOT NULL,
  `cantidad` int NOT NULL,
  `precio` decimal(10,2) NOT NULL,
  PRIMARY KEY (`id`),
  KEY `venta_id` (`venta_id`),
  KEY `producto_id` (`producto_id`),
  CONSTRAINT `detalles_venta_ibfk_1` FOREIGN KEY (`venta_id`) REFERENCES `ventas` (`id`) ON DELETE CASCADE,
  CONSTRAINT `detalles_venta_ibfk_2` FOREIGN KEY (`producto_id`) REFERENCES `productos` (`id`) ON DELETE RESTRICT,
  CONSTRAINT `detalles_venta_chk_1` CHECK ((`cantidad` > 0)),
  CONSTRAINT `detalles_venta_chk_2` CHECK ((`precio` >= 0))
) ENGINE=InnoDB AUTO_INCREMENT=505 DEFAULT CHARSET=utf8mb4 COLLATE=utf8mb4_spanish_ci;
/*!40101 SET character_set_client = @saved_cs_client */;

--
-- Dumping data for table `detalles_venta`
--

LOCK TABLES `detalles_venta` WRITE;
/*!40000 ALTER TABLE `detalles_venta` DISABLE KEYS */;
INSERT INTO `detalles_venta` VALUES (75,73,26,2,1.00),(76,73,71,2,6.00),(77,73,72,1,20.00),(78,74,73,1,4.00),(79,74,63,1,5.00),(80,74,26,1,1.00),(81,75,60,1,2.00),(82,76,60,1,2.00),(83,77,74,1,16.00),(84,77,75,1,4.00),(85,78,60,1,2.00),(86,79,2,1,3.00),(87,79,60,1,2.00),(88,80,76,1,30.00),(89,81,77,1,5.00),(90,81,26,1,1.00),(91,82,78,2,23.00),(92,82,79,2,6.00),(93,82,53,6,1.00),(94,82,27,1,7.00),(95,82,2,1,24.00),(96,83,60,2,2.00),(97,84,80,1,23.00),(98,84,53,2,1.00),(99,84,81,1,6.00),(100,85,82,1,3.00),(101,85,78,1,23.00),(102,86,83,3,1.00),(103,87,26,10,1.00),(104,88,84,2,6.00),(105,88,85,1,6.00),(106,89,26,3,1.00),(107,90,34,2,6.00),(108,90,86,1,11.00),(109,90,27,1,7.00),(110,90,87,1,7.00),(111,91,53,7,1.00),(112,91,44,1,7.00),(113,91,88,7,2.00),(114,92,89,1,4.00),(115,92,90,1,1.00),(116,93,55,30,0.50),(117,94,91,1,26.00),(118,94,53,5,1.00),(119,94,88,6,2.00),(120,95,26,3,1.00),(121,96,92,1,4.00),(122,96,93,1,10.00),(123,96,94,1,6.00),(124,96,95,1,18.00),(125,96,96,1,4.00),(126,97,55,20,0.50),(127,98,97,1,13.00),(128,98,88,1,2.00),(129,99,26,1,1.00),(130,100,26,21,1.00),(131,101,86,2,11.00),(132,101,60,1,2.00),(133,101,79,1,6.00),(134,102,53,3,1.00),(135,103,98,1,23.00),(136,103,99,1,15.00),(137,104,2,1,5.00),(138,105,100,1,1.00),(139,106,83,1,1.00),(140,107,101,1,150.00),(141,108,102,1,5.00),(142,108,2,1,5.00),(143,108,53,1,1.00),(144,109,103,3,4.00),(145,110,104,2,10.00),(146,110,2,1,5.00),(147,110,105,1,40.00),(148,111,106,1,2.00),(149,112,107,1,20.00),(150,112,55,20,0.50),(151,112,102,4,5.00),(152,112,108,1,8.00),(153,113,88,1,2.00),(154,114,83,3,1.00),(155,115,26,1,1.00),(156,116,109,2,4.00),(157,116,26,1,1.00),(158,117,55,6,0.50),(159,117,110,1,1.00),(160,118,111,1,10.00),(161,119,27,2,7.00),(162,119,81,1,6.00),(163,120,112,1,17.00),(164,120,113,2,6.00),(165,120,94,1,6.00),(166,120,114,1,3.00),(167,120,115,1,25.00),(168,120,79,1,6.00),(171,122,116,3,5.00),(172,122,117,1,10.00),(173,123,96,1,4.00),(174,123,26,6,1.00),(175,124,118,1,13.00),(176,125,88,5,2.00),(177,126,55,23,0.50),(178,127,92,1,4.00),(179,127,26,4,1.00),(180,128,88,6,2.00),(181,129,119,2,5.00),(182,129,83,13,1.00),(183,130,120,1,18.00),(184,130,121,1,18.00),(185,130,122,2,10.00),(186,131,88,2,2.00),(187,131,123,1,23.00),(188,131,124,1,12.00),(189,132,125,1,12.00),(190,133,126,1,10.00),(191,134,127,2,2.00),(192,135,83,2,1.00),(193,136,2,1,5.00),(194,137,128,1,12.00),(195,137,129,1,12.00),(196,137,130,1,5.00),(197,137,131,1,2.00),(198,138,88,1,2.00),(199,139,99,1,15.00),(200,140,132,1,8.00),(201,141,133,1,23.00),(202,142,134,1,25.00),(203,143,55,20,0.50),(204,144,135,1,65.00),(205,144,75,4,4.00),(206,144,136,3,10.00),(207,144,53,1,1.00),(208,145,137,1,15.00),(209,146,2,1,6.00),(210,147,57,1,2.00),(211,147,56,1,3.00),(212,147,53,1,1.00),(213,148,138,1,25.00),(214,148,83,19,1.00),(215,148,83,4,1.00),(216,149,139,2,12.00),(217,150,92,1,4.00),(218,151,96,1,4.00),(219,151,2,1,25.00),(220,151,27,1,7.00),(221,152,60,2,2.00),(222,153,140,2,12.00),(223,153,141,1,18.00),(224,153,142,6,0.50),(225,153,103,2,4.00),(226,153,55,6,0.50),(227,153,143,5,1.00),(228,153,83,4,1.00),(229,153,88,1,3.00),(230,154,83,10,1.00),(231,155,2,4,3.00),(232,155,140,1,12.00),(233,155,53,2,1.00),(234,156,144,2,6.00),(235,156,88,1,2.00),(236,156,144,4,6.00),(237,157,57,2,2.00),(238,158,25,1,10.00),(239,158,145,1,12.00),(240,158,88,7,2.00),(241,159,55,12,0.50),(242,159,53,25,1.00),(243,159,146,2,10.00),(244,159,147,1,5.00),(245,160,26,1,1.00),(246,161,53,2,1.00),(247,161,148,2,3.00),(248,161,75,1,4.00),(249,161,149,1,4.00),(250,162,83,30,1.00),(251,162,150,1,8.00),(252,162,151,1,35.00),(253,163,45,2,3.00),(254,163,2,1,5.00),(255,163,152,1,10.00),(256,163,131,1,2.00),(257,163,92,1,4.00),(258,164,83,2,1.00),(259,165,60,3,2.00),(260,165,83,3,1.00),(261,166,83,6,1.00),(262,167,153,2,2.00),(263,167,154,2,2.00),(264,168,155,1,15.00),(265,168,153,4,2.00),(266,168,154,6,2.00),(267,169,156,1,7.00),(268,170,60,3,2.00),(269,171,83,10,1.00),(270,172,157,2,6.00),(271,173,44,4,7.00),(272,174,158,1,3.00),(273,175,159,10,3.00),(274,175,56,1,3.00),(275,176,26,1,1.00),(276,177,160,2,4.00),(277,177,106,1,2.00),(278,177,89,1,4.00),(279,178,106,1,2.00),(280,178,53,1,1.00),(281,178,110,1,1.00),(282,178,127,1,2.00),(283,178,161,1,4.00),(284,179,2,1,8.00),(285,180,162,1,30.00),(286,180,88,10,2.00),(287,181,92,1,4.00),(288,181,89,1,4.00),(289,182,163,1,4.00),(290,182,88,6,2.00),(291,183,89,2,4.00),(292,183,125,3,12.00),(293,183,164,9,2.00),(294,183,165,1,6.00),(295,183,166,1,12.00),(296,183,167,1,16.00),(297,184,2,2,8.00),(298,184,168,1,2.00),(299,185,78,1,23.00),(300,186,83,1,1.00),(301,187,83,8,1.00),(302,187,169,1,8.00),(303,187,170,1,6.00),(304,188,79,1,6.00),(305,188,171,1,6.00),(306,189,83,21,1.00),(307,190,83,11,1.00),(308,191,172,1,10.00),(309,191,60,7,2.00),(310,192,173,1,5.00),(311,192,174,1,15.00),(312,193,26,4,1.00),(313,194,175,1,12.00),(314,194,83,5,1.00),(315,195,176,4,0.50),(316,196,83,2,1.00),(317,197,177,1,80.00),(318,198,78,2,23.00),(319,198,119,1,5.00),(320,198,178,1,3.00),(321,198,179,1,20.00),(322,198,83,5,1.00),(323,199,2,1,8.00),(324,200,180,1,4.00),(325,201,158,2,3.00),(326,202,55,120,0.50),(327,203,26,10,1.00),(328,203,27,1,7.00),(329,204,181,2,3.00),(330,205,26,2,1.00),(331,206,119,1,5.00),(332,206,178,1,3.00),(333,206,60,1,2.00),(334,206,60,1,2.00),(335,207,182,1,20.00),(336,208,127,5,2.00),(337,208,183,1,7.00),(338,207,144,1,6.00),(339,209,119,1,5.00),(340,209,35,1,8.00),(341,209,26,10,1.00),(342,210,26,2,1.00),(343,211,184,6,2.00),(344,211,185,1,4.00),(345,212,88,5,2.00),(346,213,186,2,14.00),(347,213,119,2,5.00),(348,213,178,2,3.00),(349,213,187,1,91.00),(350,213,83,35,1.00),(351,214,26,6,1.00),(352,215,188,1,55.00),(353,215,26,12,1.00),(354,216,60,1,2.00),(355,217,189,1,12.00),(356,218,190,1,16.00),(357,218,191,1,22.00),(358,218,163,1,4.00),(359,218,86,1,11.00),(360,218,192,1,4.00),(361,219,26,3,1.00),(362,220,193,1,3.00),(363,221,25,1,10.00),(364,222,194,4,3.00),(365,223,121,1,18.00),(366,224,56,2,3.00),(367,225,119,1,5.00),(368,225,178,1,3.00),(369,226,140,1,12.00),(370,226,195,1,20.00),(371,226,196,1,35.00),(372,226,197,1,18.00),(373,226,198,1,15.00),(374,226,199,2,6.00),(375,227,200,5,1.00),(376,228,201,3,20.00),(377,228,202,3,2.00),(378,228,26,220,1.00),(379,229,62,6,1.00),(380,229,154,2,2.00),(381,230,45,2,3.00),(382,230,56,1,3.00),(383,230,131,1,1.00),(384,231,203,1,8.00),(385,231,56,3,3.00),(386,232,55,50,0.50),(387,233,103,1,5.00),(388,233,204,1,12.00),(389,233,205,1,4.00),(390,233,206,1,12.00),(391,234,119,1,5.00),(392,234,178,1,3.00),(393,235,83,12,1.00),(394,236,27,1,7.00),(395,237,92,1,4.00),(396,237,44,1,7.00),(397,237,2,2,7.00),(398,238,130,2,5.00),(399,238,85,2,6.00),(400,238,53,2,1.00),(401,238,207,1,6.00),(402,238,26,6,1.00),(403,239,190,1,16.00),(404,240,208,1,18.00),(405,240,209,1,22.00),(406,240,210,10,1.00),(407,240,54,1,12.00),(408,241,2,5,5.00),(409,241,211,1,55.00),(410,241,92,1,4.00),(411,242,212,8,2.00),(412,243,213,2,3.00),(413,244,92,2,4.00),(414,244,65,1,12.00),(415,244,88,6,2.00),(416,244,214,4,3.00),(417,245,215,1,56.00),(418,245,53,2,1.00),(419,246,119,2,5.00),(420,246,178,2,3.00),(421,246,216,2,13.00),(422,246,26,2,1.00),(423,246,217,1,35.00),(424,246,83,12,1.00),(425,247,218,1,45.00),(426,248,53,25,1.00),(427,248,219,1,18.00),(428,249,25,1,10.00),(429,250,109,2,4.00),(430,250,201,1,20.00),(431,251,220,1,4.00),(432,252,221,1,16.00),(433,253,119,1,5.00),(434,253,178,1,3.00),(435,253,83,4,1.00),(436,254,60,1,2.00),(437,255,222,1,20.00),(438,256,193,1,3.00),(439,257,75,1,4.00),(440,258,171,2,6.00),(441,258,96,1,4.00),(442,259,26,2,1.00),(443,260,62,5,1.00),(444,261,25,1,10.00),(445,261,223,1,8.00),(446,261,2,1,8.00),(447,262,224,1,50.00),(448,263,225,1,80.00),(449,263,226,1,40.00),(450,264,103,1,5.00),(451,264,45,6,3.00),(452,264,108,15,8.00),(453,264,146,3,10.00),(454,264,102,5,5.00),(456,266,227,1,6.00),(457,266,94,1,6.00),(458,266,88,2,2.00),(459,267,83,16,1.00),(460,268,178,2,3.00),(461,269,162,1,30.00),(462,270,26,4,1.00),(463,271,209,1,22.00),(464,271,53,6,1.00),(465,272,124,1,12.00),(466,272,228,1,6.00),(467,273,229,1,23.00),(468,274,78,2,23.00),(469,274,186,1,14.00),(470,274,79,1,6.00),(471,274,53,4,1.00),(472,274,82,1,3.00),(473,275,230,1,20.00),(474,275,231,2,1.00),(475,275,109,2,4.00),(476,275,232,5,5.00),(477,276,119,1,5.00),(478,276,178,1,3.00),(479,277,233,1,4.00),(480,278,92,1,4.00),(481,278,83,7,1.00),(482,278,232,3,5.00),(483,278,199,1,6.00),(484,279,232,1,5.00),(485,280,26,6,1.00),(486,280,79,2,6.00),(487,281,75,3,4.00),(488,281,194,1,3.00),(489,281,234,1,12.00),(490,281,235,1,20.00),(491,281,232,1,5.00),(492,282,236,2,20.00),(493,283,154,1,2.00),(494,284,103,4,5.00),(495,284,154,6,1.00),(496,284,44,1,7.00),(497,284,55,4,0.50),(498,285,26,3,1.00),(499,286,237,4,4.00),(500,287,238,1,22.00),(501,287,144,1,6.00),(502,287,79,1,6.00),(503,287,130,1,5.00),(504,288,239,5,1.00);
/*!40000 ALTER TABLE `detalles_venta` ENABLE KEYS */;
UNLOCK TABLES;

--
-- Table structure for table `login_attempts`
--

DROP TABLE IF EXISTS `login_attempts`;
/*!40101 SET @saved_cs_client     = @@character_set_client */;
/*!50503 SET character_set_client = utf8mb4 */;
CREATE TABLE `login_attempts` (
  `id` int NOT NULL AUTO_INCREMENT,
  `ip_address` varchar(45) CHARACTER SET utf8mb4 COLLATE utf8mb4_spanish_ci NOT NULL,
  `username` varchar(50) CHARACTER SET utf8mb4 COLLATE utf8mb4_spanish_ci NOT NULL,
  `attempt_time` datetime DEFAULT CURRENT_TIMESTAMP,
  PRIMARY KEY (`id`)
) ENGINE=MyISAM DEFAULT CHARSET=utf8mb4 COLLATE=utf8mb4_spanish_ci;
/*!40101 SET character_set_client = @saved_cs_client */;

--
-- Dumping data for table `login_attempts`
--

LOCK TABLES `login_attempts` WRITE;
/*!40000 ALTER TABLE `login_attempts` DISABLE KEYS */;
/*!40000 ALTER TABLE `login_attempts` ENABLE KEYS */;
UNLOCK TABLES;

--
-- Table structure for table `logs_auditoria`
--

DROP TABLE IF EXISTS `logs_auditoria`;
/*!40101 SET @saved_cs_client     = @@character_set_client */;
/*!50503 SET character_set_client = utf8mb4 */;
CREATE TABLE `logs_auditoria` (
  `id` int NOT NULL AUTO_INCREMENT,
  `usuario` varchar(50) CHARACTER SET utf8mb4 COLLATE utf8mb4_spanish_ci NOT NULL,
  `accion` varchar(50) CHARACTER SET utf8mb4 COLLATE utf8mb4_spanish_ci NOT NULL,
  `detalle` text CHARACTER SET utf8mb4 COLLATE utf8mb4_spanish_ci,
  `fecha` timestamp NULL DEFAULT CURRENT_TIMESTAMP,
  PRIMARY KEY (`id`)
) ENGINE=InnoDB DEFAULT CHARSET=utf8mb4 COLLATE=utf8mb4_spanish_ci;
/*!40101 SET character_set_client = @saved_cs_client */;

--
-- Dumping data for table `logs_auditoria`
--

LOCK TABLES `logs_auditoria` WRITE;
/*!40000 ALTER TABLE `logs_auditoria` DISABLE KEYS */;
/*!40000 ALTER TABLE `logs_auditoria` ENABLE KEYS */;
UNLOCK TABLES;

--
-- Table structure for table `productos`
--

DROP TABLE IF EXISTS `productos`;
/*!40101 SET @saved_cs_client     = @@character_set_client */;
/*!50503 SET character_set_client = utf8mb4 */;
CREATE TABLE `productos` (
  `id` int NOT NULL AUTO_INCREMENT,
  `nombre` varchar(255) CHARACTER SET utf8mb4 COLLATE utf8mb4_spanish_ci NOT NULL,
  `precio` decimal(10,2) NOT NULL,
  `categoria_id` int NOT NULL,
  PRIMARY KEY (`id`),
  UNIQUE KEY `nombre` (`nombre`),
  KEY `categoria_id` (`categoria_id`),
  KEY `idx_producto_nombre` (`nombre`),
  CONSTRAINT `productos_ibfk_1` FOREIGN KEY (`categoria_id`) REFERENCES `categorias` (`id`),
  CONSTRAINT `productos_chk_1` CHECK ((`precio` > 0))
) ENGINE=InnoDB AUTO_INCREMENT=240 DEFAULT CHARSET=utf8mb4 COLLATE=utf8mb4_spanish_ci;
/*!40101 SET character_set_client = @saved_cs_client */;

--
-- Dumping data for table `productos`
--

LOCK TABLES `productos` WRITE;
/*!40000 ALTER TABLE `productos` DISABLE KEYS */;
INSERT INTO `productos` VALUES (1,'Cuaderno Dixon',15.50,1),(2,'Impresión Color',8.00,3),(3,'Mantenimiento PC',200.00,2),(25,'Pegamento dixon ch 8g',10.00,1),(26,'impresion B/N',1.00,3),(27,'pluma azor',7.00,1),(34,'lapiz rayado',6.00,1),(35,'CFE',8.00,3),(40,'Pago CFE',12.00,2),(42,'goma factis s20',11.00,1),(43,'hoja bca',0.50,1),(44,'Papel crepe',7.00,1),(45,'hoja fomi liso',3.00,1),(53,'hoja color',1.00,1),(54,'corrector pluma a+',12.00,1),(55,'limpiapipas',0.50,1),(56,'silicon barra transparente',3.00,1),(57,'silicon barra opaco',2.00,1),(58,'Linea captura',13.00,2),(59,'Conversion PDF',5.00,2),(60,'Copia INE',2.00,3),(61,'fomi moldeable pza',3.00,1),(62,'globo ch',1.00,1),(63,'Pegamento pegaquip ch',5.00,1),(64,'diurex ch',4.00,1),(65,'marcador permanente doble punta',12.00,1),(66,'marcador CD',10.00,1),(67,'Acetato transparente',4.00,1),(68,'pincel gde',10.00,1),(69,'pintura vegetal anilina',2.00,1),(70,'silbato',3.00,1),(71,'Papel celofon',6.00,1),(72,'Bolsa regalo papel grande',20.00,1),(73,'Goma kawai',4.00,1),(74,'caja regalo armable mediana',16.00,1),(75,'planilla stickers ch',4.00,1),(76,'Tira de perlas pascua',30.00,1),(77,'Valvula Balon',5.00,1),(78,'cuaderno estrella c5',23.00,1),(79,'Lapiz A+',6.00,1),(80,'cuaderno estrella c7',23.00,1),(81,'pluma paper mate p. medio',6.00,1),(82,'diurex chico janel',3.00,1),(83,'copia simple bn',1.00,3),(84,'cartulina pastel',6.00,1),(85,'marcador delgado económico',6.00,1),(86,'factis s20',11.00,1),(87,'lápiz mirado',7.00,1),(88,'Impresión sencilla color',2.00,3),(89,'Monografía',4.00,1),(90,'Biografía',1.00,1),(91,'cuaderno Scribe',26.00,1),(92,'cartulina blanca',4.00,1),(93,'marcador de agua',10.00,1),(94,'Plumin',6.00,1),(95,'colores berol cortos',18.00,1),(96,'Sacapuntas pastel',4.00,1),(97,'Linea de captura',13.00,2),(98,'libreta estrella c5',23.00,1),(99,'pistola agua',15.00,1),(100,'Aguja standard',1.00,1),(101,'Hot wheels paquete (5)',150.00,1),(102,'figura fomi 3d ch',5.00,1),(103,'hoja fomi diamantada',5.00,1),(104,'Enmicado credencial',10.00,1),(105,'Chip movistar',40.00,1),(106,'Mapa tamaño carta',2.00,1),(107,'Yoyo',20.00,1),(108,'Figura fomi dulcero',8.00,1),(109,'Paletas',4.00,1),(110,'ojitos movibles mini',1.00,1),(111,'cinta doble cara chica',10.00,1),(112,'Caja de colores mapita cortos',17.00,1),(113,'Colores rojos',6.00,1),(114,'anillo niña',3.00,1),(115,'Tijeras grandes económicas',25.00,1),(116,'Mascarillas chicas carbón',6.00,1),(117,'Esponja de maquillaje',12.00,1),(118,'Pelota de esponja',13.00,1),(119,'CURP',5.00,2),(120,'Cinta canela',18.00,1),(121,'Cinta transparente',18.00,1),(122,'Bolsas para basura Jumbo',10.00,1),(123,'Pegamento dixon m 21g',23.00,1),(124,'Enmicado mediano',12.00,1),(125,'barra plastilina',12.00,1),(126,'Bicolor grande',10.00,1),(127,'Solicitud de empleo',2.00,1),(128,'Cartulina iris',12.00,1),(129,'Plumon blanco',12.00,1),(130,'Papel bond',5.00,1),(131,'Resorte',2.00,1),(132,'sacapuntas metalico doble',8.00,1),(133,'libreta swing blanca',23.00,1),(134,'Masking delgado grande',25.00,1),(135,'Crayolas pastel',65.00,1),(136,'planilla stickers gde',10.00,1),(137,'Marcador de cera',15.00,1),(138,'Antecedentes no penales',25.00,2),(139,'Pintura vinci',12.00,1),(140,'FOLDER SOBRE PLASTICO',12.00,1),(141,'SILICON FRIO 60 GR',18.00,1),(142,'PALITOS BANDERILLA',0.50,1),(143,'HOJA MILIMETRICA',1.00,1),(144,'Pluma Bic',6.00,1),(145,'Tijeras chicas económicas',12.00,1),(146,'Papel américa',10.00,1),(147,'Papel américa medio metro',5.00,1),(148,'Sticker grande ind',3.00,1),(149,'Hule planchado medio metro',4.00,1),(150,'Transportador 180°',8.00,1),(151,'Compás Maped',35.00,1),(152,'Tijeras punta roma económica',10.00,1),(153,'Papel china',2.00,1),(154,'Palo Bambu brocheta',2.00,1),(155,'hilo cañamo',15.00,1),(156,'Papel cascaron 1/8',7.00,1),(157,'Resorte 2cm',6.00,1),(158,'Copia INE color',3.00,3),(159,'Listón mediano metro',3.00,1),(160,'Formato de contrato',4.00,1),(161,'Formato de contrato, responsiva',4.00,1),(162,'Engargolado medio',30.00,1),(163,'Folder carta',4.00,1),(164,'Animales de maqueta',2.00,1),(165,'Árbol de maqueta',6.00,1),(166,'Volcán de maqueta',12.00,1),(167,'Tabla MDF mediana',16.00,1),(168,'Broche baco',2.00,1),(169,'Brocha ch',8.00,1),(170,'Pincel mediano',6.00,1),(171,'lapiz rayado Maped',6.00,1),(172,'Arena chica',10.00,1),(173,'Mamila de gomitas',5.00,1),(174,'Tangram de madera chico',15.00,1),(175,'Recibo CFE',12.00,2),(176,'Clips sueltos',0.50,1),(177,'Mochila infantil mini',80.00,1),(178,'Impresión CURP',3.00,3),(179,'Sobre plástico diseño',20.00,1),(180,'Planilla de etiquetas',4.00,1),(181,'Opalina gruesa',3.00,1),(182,'Libreta francesa Rayter C7',20.00,1),(183,'Sobre manila carta',7.00,1),(184,'Diamantina bolsita',2.00,1),(185,'Diamantina bote',4.00,1),(186,'Enmicado leche',14.00,1),(187,'Acta de nacimiento',91.00,1),(188,'Registro Bach',55.00,2),(189,'Acuarelas chicas',12.00,1),(190,'Hojas blancas 50',16.00,1),(191,'Pulsera',22.00,1),(192,'Goma Sanrio',4.00,1),(193,'Impresión INE color',3.00,3),(194,'Palos gruesos de bandera',3.00,1),(195,'Folder plástico aguacate',20.00,1),(196,'Tablla para papel diseño',35.00,1),(197,'Tijeras Pelikan',18.00,1),(198,'Tijeras Pekes',15.00,1),(199,'Impresión-busqueda',6.00,3),(200,'Grapas sueltas',1.00,1),(201,'Engargolado chico',20.00,1),(202,'Hojas de diseño',2.00,1),(203,'Pegamento pegaquip med',8.00,1),(204,'Silicon liquido Pelikan 30g',12.00,1),(205,'Diurex metalico',4.00,1),(206,'Boton Pin K-Pop',12.00,1),(207,'Factis 36R mediana',6.00,1),(208,'Paquete gomas figuras',18.00,1),(209,'Juego Geometria economico flexible',22.00,1),(210,'Fichas de trabajo',1.00,1),(211,'Cargador C',55.00,1),(212,'Copia simple color',2.00,3),(213,'Anillo sencillo niña',3.00,1),(214,'Dibujos de pellón',3.00,1),(215,'Cuaderno pasta dura 100 hojas Selecto',56.00,1),(216,'Cartas de recomendación',13.00,1),(217,'Constancia RFC',35.00,2),(218,'balón mini',45.00,1),(219,'Marcador delgado Sharpie',18.00,1),(220,'Tira de grapas',4.00,1),(221,'Caja gises color',16.00,1),(222,'Hojas blancas 60',20.00,3),(223,'Planilla stickers kpop',8.00,1),(224,'Vasos motivacionales 1L-300ml',50.00,1),(225,'Lunch box mediano',80.00,1),(226,'Vaso chico conejo',40.00,1),(227,'Lápiz duo',6.00,1),(228,'Cordón para credencial tela',6.00,1),(229,'Kola loka',23.00,1),(230,'Pliego de mica',20.00,1),(231,'Cubrehojas eco',1.00,1),(232,'Impresión color medio',5.00,3),(233,'Navaja de un filo',4.00,3),(234,'Postit figura',12.00,1),(235,'Colores paper mate cortos',20.00,1),(236,'Reloj didactico de cartón',20.00,1),(237,'Listón #3 2cm ancho',4.00,1),(238,'Marcador  permanente Signal Azor',22.00,1),(239,'Tira de grapas standar Ch (3cm)',1.00,1);
/*!40000 ALTER TABLE `productos` ENABLE KEYS */;
UNLOCK TABLES;

--
-- Table structure for table `usuarios`
--

DROP TABLE IF EXISTS `usuarios`;
/*!40101 SET @saved_cs_client     = @@character_set_client */;
/*!50503 SET character_set_client = utf8mb4 */;
CREATE TABLE `usuarios` (
  `id` int NOT NULL AUTO_INCREMENT,
  `username` varchar(50) CHARACTER SET utf8mb4 COLLATE utf8mb4_spanish_ci NOT NULL,
  `email` varchar(100) CHARACTER SET utf8mb4 COLLATE utf8mb4_spanish_ci NOT NULL,
  `password_hash` varchar(255) CHARACTER SET utf8mb4 COLLATE utf8mb4_spanish_ci NOT NULL,
  `rol` enum('admin','ventas','reportes') CHARACTER SET utf8mb4 COLLATE utf8mb4_spanish_ci NOT NULL DEFAULT 'ventas',
  `intentos_fallidos` int DEFAULT '0',
  `bloqueado_until` datetime DEFAULT NULL,
  `creado_en` datetime DEFAULT CURRENT_TIMESTAMP,
  PRIMARY KEY (`id`),
  UNIQUE KEY `username` (`username`),
  UNIQUE KEY `email` (`email`)
) ENGINE=MyISAM DEFAULT CHARSET=utf8mb4 COLLATE=utf8mb4_spanish_ci;
/*!40101 SET character_set_client = @saved_cs_client */;

--
-- Dumping data for table `usuarios`
--

LOCK TABLES `usuarios` WRITE;
/*!40000 ALTER TABLE `usuarios` DISABLE KEYS */;
/*!40000 ALTER TABLE `usuarios` ENABLE KEYS */;
UNLOCK TABLES;

--
-- Table structure for table `ventas`
--

DROP TABLE IF EXISTS `ventas`;
/*!40101 SET @saved_cs_client     = @@character_set_client */;
/*!50503 SET character_set_client = utf8mb4 */;
CREATE TABLE `ventas` (
  `id` int NOT NULL AUTO_INCREMENT,
  `fecha_hora` datetime NOT NULL DEFAULT CURRENT_TIMESTAMP,
  `total` decimal(10,2) NOT NULL DEFAULT '0.00',
  PRIMARY KEY (`id`),
  KEY `idx_fecha` (`fecha_hora`),
  CONSTRAINT `ventas_chk_1` CHECK ((`total` >= 0))
) ENGINE=InnoDB AUTO_INCREMENT=289 DEFAULT CHARSET=utf8mb4 COLLATE=utf8mb4_spanish_ci;
/*!40101 SET character_set_client = @saved_cs_client */;

--
-- Dumping data for table `ventas`
--

LOCK TABLES `ventas` WRITE;
/*!40000 ALTER TABLE `ventas` DISABLE KEYS */;
INSERT INTO `ventas` VALUES (73,'2025-03-30 11:10:20',34.00),(74,'2025-03-30 11:25:02',10.00),(75,'2025-03-30 11:29:25',2.00),(76,'2025-03-30 12:27:36',2.00),(77,'2025-03-30 12:36:32',20.00),(78,'2025-03-30 13:28:33',2.00),(79,'2025-03-30 13:31:38',5.00),(80,'2025-03-30 13:32:39',30.00),(81,'2025-03-30 14:08:23',6.00),(82,'2025-03-30 14:46:21',95.00),(83,'2025-03-30 16:11:07',4.00),(84,'2025-03-30 16:41:08',31.00),(85,'2025-03-30 16:51:30',26.00),(86,'2025-03-30 17:29:01',3.00),(87,'2025-03-30 17:51:22',10.00),(88,'2025-03-30 18:24:43',18.00),(89,'2025-03-30 18:25:01',3.00),(90,'2025-03-30 18:39:18',37.00),(91,'2025-03-30 19:47:16',28.00),(92,'2025-03-30 19:54:24',5.00),(93,'2025-03-30 20:42:12',15.00),(94,'2025-03-30 21:01:25',43.00),(95,'2025-03-30 21:13:02',3.00),(96,'2025-03-30 21:22:28',42.00),(97,'2025-03-30 21:48:21',10.00),(98,'2025-03-30 22:25:39',15.00),(99,'2025-03-30 22:54:16',1.00),(100,'2025-03-26 06:38:31',21.00),(101,'2025-03-26 06:39:23',30.00),(102,'2025-03-26 06:39:44',3.00),(103,'2025-03-25 06:41:10',38.00),(104,'2025-03-31 08:55:01',5.00),(105,'2025-03-31 09:30:23',1.00),(106,'2025-03-31 10:21:11',1.00),(107,'2025-03-31 11:42:05',150.00),(108,'2025-03-31 12:53:10',11.00),(109,'2025-03-31 12:53:58',12.00),(110,'2025-03-31 13:23:01',65.00),(111,'2025-03-31 13:34:04',2.00),(112,'2025-03-31 13:51:00',58.00),(113,'2025-03-31 14:10:39',2.00),(114,'2025-03-31 14:46:15',3.00),(115,'2025-03-31 16:11:46',1.00),(116,'2025-03-31 16:42:55',9.00),(117,'2025-03-31 16:57:46',4.00),(118,'2025-03-31 17:11:54',10.00),(119,'2025-03-31 19:13:03',20.00),(120,'2025-03-31 19:51:57',69.00),(122,'2025-03-31 19:54:31',25.00),(123,'2025-03-31 19:57:08',10.00),(124,'2025-03-31 20:24:57',13.00),(125,'2025-03-31 20:35:00',10.00),(126,'2025-03-31 20:51:02',11.50),(127,'2025-03-31 20:51:21',8.00),(128,'2025-03-31 20:51:45',12.00),(129,'2025-03-31 20:56:44',23.00),(130,'2025-03-31 21:01:31',56.00),(131,'2025-03-31 21:28:05',39.00),(132,'2025-03-31 21:47:31',12.00),(133,'2025-04-01 09:08:01',10.00),(134,'2025-04-01 11:02:07',4.00),(135,'2025-04-01 11:02:25',2.00),(136,'2025-04-01 12:28:17',5.00),(137,'2025-04-01 12:31:03',31.00),(138,'2025-04-01 12:36:04',2.00),(139,'2025-04-01 13:38:03',15.00),(140,'2025-04-01 13:45:17',8.00),(141,'2025-04-01 16:17:07',23.00),(142,'2025-04-01 16:34:37',25.00),(143,'2025-04-01 17:18:37',10.00),(144,'2025-04-01 17:32:46',112.00),(145,'2025-04-01 18:49:04',15.00),(146,'2025-04-01 20:24:19',6.00),(147,'2025-04-01 20:33:29',6.00),(148,'2025-04-01 21:14:30',48.00),(149,'2025-04-01 21:14:48',24.00),(150,'2025-04-01 21:18:11',4.00),(151,'2025-04-01 21:46:03',36.00),(152,'2025-04-02 11:18:05',4.00),(153,'2025-04-02 11:50:21',68.00),(154,'2025-04-02 12:07:19',10.00),(155,'2025-04-02 13:31:49',26.00),(156,'2025-04-02 18:16:59',38.00),(157,'2025-04-02 18:42:43',4.00),(158,'2025-04-02 19:19:24',36.00),(159,'2025-04-02 20:29:45',56.00),(160,'2025-04-02 20:29:57',1.00),(161,'2025-04-02 21:12:16',16.00),(162,'2025-04-02 21:26:42',73.00),(163,'2025-04-03 13:02:01',27.00),(164,'2025-04-03 13:13:52',2.00),(165,'2025-04-03 14:10:11',9.00),(166,'2025-04-03 14:10:23',6.00),(167,'2025-04-03 14:55:52',8.00),(168,'2025-04-03 14:59:00',35.00),(169,'2025-04-03 15:32:59',7.00),(170,'2025-04-03 16:02:14',6.00),(171,'2025-04-03 16:43:09',10.00),(172,'2025-04-03 16:44:04',12.00),(173,'2025-04-03 16:46:40',28.00),(174,'2025-04-03 17:24:31',3.00),(175,'2025-04-03 18:17:00',33.00),(176,'2025-04-03 18:17:10',1.00),(177,'2025-04-03 19:31:11',14.00),(178,'2025-04-03 19:50:28',10.00),(179,'2025-04-03 20:23:13',8.00),(180,'2025-04-03 21:03:41',50.00),(181,'2025-04-03 21:19:57',8.00),(182,'2025-04-03 21:31:32',16.00),(183,'2025-04-03 21:57:49',96.00),(184,'2025-04-03 22:13:50',18.00),(185,'2025-04-04 07:49:58',23.00),(186,'2025-04-04 10:17:12',1.00),(187,'2025-04-04 12:37:56',22.00),(188,'2025-04-04 13:49:17',12.00),(189,'2025-04-04 13:49:34',21.00),(190,'2025-04-04 14:56:39',11.00),(191,'2025-04-04 15:36:45',24.00),(192,'2025-04-04 16:04:09',20.00),(193,'2025-04-04 16:04:23',4.00),(194,'2025-04-04 18:35:52',17.00),(195,'2025-04-04 18:51:02',2.00),(196,'2025-04-04 18:51:10',2.00),(197,'2025-04-04 19:14:39',80.00),(198,'2025-04-04 19:52:10',79.00),(199,'2025-04-04 19:52:30',8.00),(200,'2025-04-04 19:52:44',4.00),(201,'2025-04-04 20:12:13',6.00),(202,'2025-04-04 20:12:32',60.00),(203,'2025-04-04 21:01:47',17.00),(204,'2025-04-04 22:21:35',6.00),(205,'2025-04-05 09:03:23',2.00),(206,'2025-04-05 13:39:52',12.00),(207,'2025-04-05 13:50:24',26.00),(208,'2025-04-05 13:54:51',17.00),(209,'2025-04-05 14:17:23',23.00),(210,'2025-04-05 15:52:41',2.00),(211,'2025-04-05 16:22:43',16.00),(212,'2025-04-05 17:14:45',10.00),(213,'2025-04-05 17:16:39',170.00),(214,'2025-04-05 17:29:03',6.00),(215,'2025-04-05 17:30:40',67.00),(216,'2025-04-05 17:55:22',2.00),(217,'2025-04-05 17:55:29',12.00),(218,'2025-04-05 17:56:16',57.00),(219,'2025-04-05 18:24:55',3.00),(220,'2025-04-05 18:28:54',3.00),(221,'2025-04-05 18:54:25',10.00),(222,'2025-04-05 18:57:15',12.00),(223,'2025-04-05 21:03:33',18.00),(224,'2025-04-05 21:24:45',6.00),(225,'2025-04-06 11:45:04',8.00),(226,'2025-04-06 11:46:33',112.00),(227,'2025-04-06 12:12:20',5.00),(228,'2025-04-06 12:13:19',286.00),(229,'2025-04-06 12:38:08',10.00),(230,'2025-04-06 12:55:04',10.00),(231,'2025-04-06 12:56:48',17.00),(232,'2025-04-06 12:57:02',25.00),(233,'2025-04-06 13:10:34',33.00),(234,'2025-04-06 13:18:09',8.00),(235,'2025-04-06 13:41:16',12.00),(236,'2025-04-06 14:40:59',7.00),(237,'2025-04-06 14:49:03',25.00),(238,'2025-04-06 15:54:41',36.00),(239,'2025-04-07 08:29:09',16.00),(240,'2025-04-07 12:00:29',62.00),(241,'2025-04-07 12:52:18',84.00),(242,'2025-04-07 12:52:41',16.00),(243,'2025-04-07 12:53:14',6.00),(244,'2025-04-07 15:01:25',44.00),(245,'2025-04-07 15:26:14',58.00),(246,'2025-04-07 15:28:36',91.00),(247,'2025-04-07 15:41:10',45.00),(248,'2025-04-07 15:44:41',43.00),(249,'2025-04-07 16:36:32',10.00),(250,'2025-04-07 17:31:48',28.00),(251,'2025-04-07 17:37:10',4.00),(252,'2025-04-07 17:37:28',16.00),(253,'2025-04-07 17:38:31',12.00),(254,'2025-04-07 17:38:40',2.00),(255,'2025-04-07 17:39:07',20.00),(256,'2025-04-07 17:40:28',3.00),(257,'2025-04-07 17:40:49',4.00),(258,'2025-04-07 17:57:52',16.00),(259,'2025-04-07 18:06:49',2.00),(260,'2025-04-07 18:12:38',5.00),(261,'2025-04-07 18:15:52',26.00),(262,'2025-04-07 18:39:29',50.00),(263,'2025-04-07 18:52:28',120.00),(264,'2025-04-07 19:14:14',198.00),(266,'2025-04-07 21:10:39',16.00),(267,'2025-04-08 07:28:09',16.00),(268,'2025-04-08 09:38:52',6.00),(269,'2025-04-08 09:39:20',30.00),(270,'2025-04-08 09:42:12',4.00),(271,'2025-04-08 11:51:14',28.00),(272,'2025-04-08 12:45:24',18.00),(273,'2025-04-08 16:23:56',23.00),(274,'2025-04-08 17:40:50',73.00),(275,'2025-04-08 20:34:39',55.00),(276,'2025-04-08 20:35:07',8.00),(277,'2025-04-08 20:35:32',4.00),(278,'2025-04-08 20:41:40',32.00),(279,'2025-04-08 20:52:01',5.00),(280,'2025-04-08 21:35:03',18.00),(281,'2025-04-08 21:36:23',52.00),(282,'2025-04-09 06:33:21',40.00),(283,'2025-04-09 07:48:03',2.00),(284,'2025-04-09 08:39:25',35.00),(285,'2025-04-09 09:27:21',3.00),(286,'2025-04-09 09:52:34',16.00),(287,'2025-04-09 10:07:02',39.00),(288,'2025-04-09 10:09:52',5.00);
/*!40000 ALTER TABLE `ventas` ENABLE KEYS */;
UNLOCK TABLES;
/*!40103 SET TIME_ZONE=@OLD_TIME_ZONE */;

/*!40101 SET SQL_MODE=@OLD_SQL_MODE */;
/*!40014 SET FOREIGN_KEY_CHECKS=@OLD_FOREIGN_KEY_CHECKS */;
/*!40014 SET UNIQUE_CHECKS=@OLD_UNIQUE_CHECKS */;
/*!40101 SET CHARACTER_SET_CLIENT=@OLD_CHARACTER_SET_CLIENT */;
/*!40101 SET CHARACTER_SET_RESULTS=@OLD_CHARACTER_SET_RESULTS */;
/*!40101 SET COLLATION_CONNECTION=@OLD_COLLATION_CONNECTION */;
/*!40111 SET SQL_NOTES=@OLD_SQL_NOTES */;

-- Dump completed on 2025-04-09 10:21:32
